{
  "health": 3,
  "xPos": 4.2919817,
  "yPos": -0.467538416
}