{
  "health": 3,
  "xPos": -3.71750164,
  "yPos": 1.04006159
}