{
  "health": 3,
  "xPos": 2.2585814,
  "yPos": -0.467538416
}