{
  "health": 0,
  "xPos": 6.31935835,
  "yPos": -0.467538416
}