{
  "health": 3,
  "xPos": -1.78359914,
  "yPos": -0.467538416
}