{
  "health": 3,
  "xPos": -2.55252552,
  "yPos": 0.720234752
}