{
  "health": 3,
  "xPos": -3.02302074,
  "yPos": 0.5918794
}