{
  "health": 3,
  "xPos": -2.71308327,
  "yPos": 1.29106545
}