{
  "health": 0,
  "xPos": 6.271795,
  "yPos": 0.9047458
}