{
  "health": 3,
  "xPos": -1.49999976,
  "yPos": 1.045762
}