{
  "health": 3,
  "xPos": -4.36694527,
  "yPos": 0.7951216
}